<?xml version="1.0" encoding="UTF-8"?>
<datasources>
  <local-tx-datasource>
    <jndi-name>ACS</jndi-name>
    <connection-url>your_db_url, e.g. jdbc:mysql://localhost/ACS</connection-url>
    <driver-class>com.mysql.jdbc.Driver</driver-class>
    <user-name>your_db_user</user-name>
    <password>your_db_password</password>
    <min-pool-size>5</min-pool-size>
    <max-pool-size>20</max-pool-size>
    <idle-timeout-minutes>5</idle-timeout-minutes>
  </local-tx-datasource>
</datasources>
